{
    "mean_absolute_error": 0.2389338636717668,
    "mean_squared_error": 0.08896809870783537,
    "r2_score": 0.46398834156261337
}